Title,Price,Date
Got Data Funny Business Data Analyst T-Shirt,15.99,2025-03-19
Got Data Funny Business Data Analyst T-Shirt,15.99,2025-03-19
Got Data Funny Business Data Analyst T-Shirt,15.99,2025-03-19
Title not found,$19.99,2025-03-19
Got Data Funny Business Data Analyst T-Shirt,$15.99,2025-03-19
Title not found,$21.99,2025-03-19
Got Data Funny Business Data Analyst T-Shirt,$15.99,2025-03-19
Title not found,$19.99,2025-03-19
Got Data Funny Business Data Analyst T-Shirt,$15.99,2025-03-19
Title not found,$21.99,2025-03-19
Got Data Funny Business Data Analyst T-Shirt,$15.99,2025-03-19
Title not found,$21.99,2025-03-19
Got Data Funny Business Data Analyst T-Shirt,$15.99,2025-03-19
Got Data Funny Business Data Analyst T-Shirt,$15.99,2025-03-19
Got Data Funny Business Data Analyst T-Shirt,$15.99,2025-03-19
Title not found,$19.99,2025-03-19
Got Data Funny Business Data Analyst T-Shirt,$15.99,2025-03-19
Title not found,$19.99,2025-03-19
Got Data Funny Business Data Analyst T-Shirt,$15.99,2025-03-19
Got Data Funny Business Data Analyst T-Shirt,$15.99,2025-03-19
Title not found,$19.99,2025-03-19
Title not found,$21.99,2025-03-19
Got Data Funny Business Data Analyst T-Shirt,$15.99,2025-03-19
Title not found,$21.99,2025-03-19
Title not found,$21.99,2025-03-19
Got Data Funny Business Data Analyst T-Shirt,$15.99,2025-03-19
Title not found,$19.99,2025-03-19
Got Data Funny Business Data Analyst T-Shirt,$15.99,2025-03-19
Got Data Funny Business Data Analyst T-Shirt,$15.99,2025-03-19
Title not found,$21.99,2025-03-19
Title not found,$21.99,2025-03-19
Title not found,$19.99,2025-03-19
Got Data Funny Business Data Analyst T-Shirt,$15.99,2025-03-19
Title not found,$19.99,2025-03-19
Title not found,$21.99,2025-03-19
Got Data Funny Business Data Analyst T-Shirt,$15.99,2025-03-19
Title not found,$19.99,2025-03-19
Got Data Funny Business Data Analyst T-Shirt,$15.99,2025-03-19
Title not found,$21.99,2025-03-19
Got Data Funny Business Data Analyst T-Shirt,$15.99,2025-03-19
Got Data Funny Business Data Analyst T-Shirt,$15.99,2025-03-19
Got Data Funny Business Data Analyst T-Shirt,$15.99,2025-03-19
Got Data Funny Business Data Analyst T-Shirt,$15.99,2025-03-19
Title not found,$19.99,2025-03-19
Title not found,$19.99,2025-03-19
Title not found,$21.99,2025-03-19
Title not found,$21.99,2025-03-19
Got Data Funny Business Data Analyst T-Shirt,$15.99,2025-03-19
Got Data Funny Business Data Analyst T-Shirt,$15.99,2025-03-19
Title not found,$19.99,2025-03-19
Got Data Funny Business Data Analyst T-Shirt,$15.99,2025-03-19
